UT,AU
WOS:000988607500001,"Guarnieri, E; Tur-Prats, A"
WOS:000868979600001,"Smith, M; Zidar, O; Zwick, E"
WOS:000813226900001,"Cai, J; Wang, SY"
WOS:000784752700001,"Adao, R; Carrillo, P; Costinot, A; Donaldson, D; Pomeranz, D"
WOS:000642334600003,"Gopinath, G; Stein, JC"
WOS:000612198000011,"Kim, R"
WOS:000489163400003,"Allcott, H; Diamond, R; Dubé, JP; Handbury, J; Rahkovsky, I; Schnell, M"
WOS:000489161300005,"Chodorow-Reich, G; Coglianese, J; Karabarbounis, L"
WOS:000435871300001,"Piketty, T; Saez, E; Zucman, G"
WOS:000423802600008,"Alsan, M; Wanamaker, M"
WOS:000412764300005,"Mian, A; Sufi, A; Verner, E"
WOS:000406177000010,"Polborn, MK; Snyder, JM"
WOS:000383326100010,"Barrot, JN; Sauvagnat, J"
WOS:000383326100004,"Spiegler, R"
WOS:000359638900007,"Bursztyn, L; Jensen, R"
WOS:000359638900008,"Gabaix, X; Maggiori, M"
WOS:000354733000001,"Michaillat, P; Saez, E"
WOS:000346660500004,"Dahl, GB; Kostol, AR; Mogstad, M"
WOS:000999692200001,"Beraja, M; Kao, AD; Yang, DY; Yuchtman, N"
WOS:000986383900001,"Korting, C; Lieberman, C; Matsudaira, J; Pei, Z; Shen, Y"
WOS:000743312400004,"Frydman, C; Jin, LJ"
WOS:000728439200002,"Lowes, S; Montero, E"
WOS:000612198000006,"Bryan, G; Choi, JJ; Karlan, D"
WOS:000612198000008,"Cameron, L; Seager, J; Shah, M"
WOS:000612198000005,"Lian, C; Ma, YR"
WOS:000507362800004,"Coibion, O; Gorodnichenko, Y; Ropele, T"
WOS:000489163400007,"DellaVigna, S; Gentzkow, M"
WOS:000451281400006,"Nakamura, E; Steinsson, J; Sun, P; Villar, D"
WOS:000423802600006,"Farhi, E; Maggiori, M"
WOS:000359638900002,"Augenblick, N; Niederle, M; Sprenger, C"
WOS:000359638900006,"Edelman, B; Wright, J"
WOS:000354733000006,"Aizer, A; Doyle, JJ"
WOS:000346660500006,"Autor, DH; Dorn, D; Hanson, GH; Song, J"
WOS:000346660500008,"Hjort, J"
WOS:000330451700007,"Kline, P; Moretti, E"
WOS:000642334600011,"Rose, EK"
WOS:000544015700001,"De Loecker, J; Eeckhout, J; Unger, G"
WOS:000451281400010,"Shi, SY; Delacroix, A"
WOS:000412764300002,"Deming, DJ"
WOS:000412764300006,"Drechsler, I; Savov, A; Schnabl, P"
WOS:000412764300010,"Larcom, S; Rauch, F; Willems, T"
WOS:000401981500008,"Cravino, J; Levchenko, AA"
WOS:000388576700008,"Belloc, M; Drago, F; Galbiati, R"
WOS:000365535400005,"Akerman, A; Gaarder, I; Mogstad, M"
WOS:000359638900001,"Muralidharan, K; Sundararaman, V"
WOS:000342236000007,"Fryer, RG"
WOS:000330451700009,"Cascio, EU; Washington, E"
WOS:000330451700003,"Kuziemko, I; Buell, RW; Reich, T; Norton, MI"
WOS:000763961400001,"Alpert, A; Evans, WN; Lieber, EMJ; Powell, D"
WOS:000728439200011,"Guriev, S; Melnikov, N; Zhuravskaya, E"
WOS:000489163400005,"Liu, E"
WOS:000451281400004,"Mertens, K; Olea, JLM"
WOS:000406177000007,"López-Salido, D; Stein, JC; Zakrajsek, E"
WOS:000354733000002,"Bertrand, M; Kamenica, E; Pan, J"
WOS:000351525000009,"Atkeson, A; Hellwig, C; Ordoñez, G"
WOS:000336146600009,"Gollin, D; Lagakos, D; Waugh, ME"
WOS:000935190200001,"Guvenen, F; Kambourov, G; Kuruscu, B; Ocampo, S; Chen, DP"
WOS:000728439200001,"Michalopoulos, S; Xue, MM"
WOS:000672777600009,"Miller, S; Johnson, N; Wherry, LR"
WOS:000507362800002,"Chodorow-Reich, G; Gopinath, G; Mishra, P; Narayanan, A"
WOS:000507362800010,"Redding, SJ; Weinstein, DE"
WOS:000489161300001,"Song, J; Price, DJ; Guvenen, F; Bloom, N; Von Wachter, T"
WOS:000451281400005,"Arnold, D; Dobbie, W; Yang, CS"
WOS:000406177000003,"Goldschmidt, D; Schmieder, JF"
WOS:000383326100002,"Fajgelbaum, PD; Khandelwal, AK"
WOS:000365535400001,"Budish, E; Cramton, P; Shim, J"
WOS:000359638900010,"Jha, S"
WOS:000354733000007,"Burks, SV; Cowgill, B; Hoffman, M; Housman, M"
WOS:000346660500007,"Eyster, E; Rabin, M"
WOS:000342236000010,"Caron, J; Fally, T; Markusen, JR"
WOS:000330451700005,"Vavra, J"
WOS:001011152200001,"Donovan, K; Lu, WJ; Schoellman, T"
WOS:000847148900001,"Cullen, Z; Dobbie, W; Hoffman, M"
WOS:000836097700001,"KLINE, P; ROSE, EK; WALTERS, CR"
WOS:000815161100001,"Carleton, T; Jina, A; Delgado, M; Greenstone, M; Houser, T; Hsiang, SL; Hultgren, A; Kopp, RE; McCusker, KE; Nath, I; Rising, J; Rode, A; Seo, HK; Viaene, A; Yuan, JC; Zhang, AT"
WOS:000770412500001,"Amiti, M; Itskhoki, O; Konings, J"
WOS:000764048500001,"DellaVigna, S; Heining, J; Schmieder, JF; Trenkle, S"
WOS:000777482200001,"Angrist, J; Autor, D; Pallais, A"
WOS:000489162100009,"Cantoni, D; Yang, DY; Yuchtman, N; Zhang, YJ"
WOS:000451281400001,"Falk, A; Becker, A; Dohmen, T; Enke, B; Huffman, D; Sunde, U"
WOS:000383326100007,"Araujo, MC; Carneiro, P; Cruz-Aguayo, Y; Schady, N"
WOS:000371602500008,"Boffa, F; Piolatto, A; Ponzetto, GAM"
WOS:000365535400003,"Bronnenberg, BJ; Dubé, JP; Gentzkow, M; Shapiro, JM"
WOS:000336146600007,"Cantoni, D; Yuchtman, N"
WOS:000330451700001,"Chodorow-Reich, G"
WOS:000330451700002,"Karabarbounis, L; Neiman, B"
WOS:000986374800001,"Bilal, A"
WOS:000935187000001,"Buggle, J; Mayer, T; Sakalli, SO; Thoenig, M"
WOS:000793034100001,"Xu, CZ"
WOS:000770112400001,"Alvarez, F; Argente, D"
WOS:000642334600002,"Bhandari, A; McGrattan, ER"
WOS:000612198000007,"Le Barbanchon, T; Rathelot, R; Roulet, A"
WOS:000489162800002,"Carlana, M"
WOS:000401981500009,"Levine, R; Rubinstein, Y"
WOS:000371602500005,"Khan, AQ; Khwaja, AI; Olken, BA"
WOS:000875748600001,"Grosjean, P; Masera, F; Yousaf, H"
WOS:000864359300001,"Bordalo, P; Conlon, JJ; Gennaioli, N; Kwon, SY; Shleifer, A"
WOS:000763959600001,"Lanzani, G"
WOS:000612198000009,"Barron, D; Guo, YN"
WOS:000593217300010,"Behrens, K; Mion, G; Murata, Y; Suedekum, J"
WOS:000593217300004,"Deming, DJ; Noray, K"
WOS:000544015700007,"Fajgelbaum, PD; Gaubert, C"
WOS:000507362800008,"Liang, AN; Mu, XS"
WOS:000489163400010,"Coffman, LC; Conlon, JJ; Featherstone, CR; Kessler, JB"
WOS:000451280400007,"Bayer, P; Charles, KK"
WOS:000412764300004,"Heathcote, J; Storesletten, K; Violante, GL"
WOS:000365535400008,"Lewis, RA; Rao, JM"
WOS:000346660500009,"Yanagizawa-Drott, D"
WOS:001051517900001,"Christensen, P; Timmins, C"
WOS:000813230500001,"BYRNE, DP; MARTIN, LA; NAH, JS"
WOS:000770415300001,"Avenancio-León, CF; Howard, T"
WOS:000642334600005,"Marinescu, I; Skandalis, D"
WOS:000672777600011,"Bessone, P; Rao, G; Schilbach, F; Schofield, H; Toma, M"
WOS:000642334600008,"Kehrig, M; Vincent, N"
WOS:000593217300002,"Weigel, JL"
WOS:000544017700007,"Chetty, R; Friedman, JN; Saez, E; Turner, N; Yagan, D"
WOS:000544017700001,"Hendren, N; Sprung-Keyser, B"
WOS:000544017700005,"Pflueger, C; Siriwardane, E; Sunderam, A"
WOS:000451280400005,"Sorkin, I"
WOS:000401981500010,"Heidhues, P; Koszegi, B"
WOS:000388576700005,"Bordalo, P; Coffman, K; Gennaioli, N; Shleifer, A"
WOS:000383326100008,"Bleakley, H; Ferrie, J"
WOS:000346660500001,"Chetty, R; Hendren, N; Kline, P; Saez, E"
WOS:000336146600001,"Feenstra, RC; Romalis, J"
WOS:000793997100001,"Folke, O; Rickne, J"
WOS:000764079400001,"Aneja, A; Xu, G"
WOS:000672777600002,"Coibion, O; Gorodnichenko, Y; Kumar, S; Ryngaert, J"
WOS:000593217300008,"Bigio, S; La'O, J"
WOS:000489162800006,"Cengiz, D; Dube, A; Lindner, A; Zipperer, B"
WOS:000489162100005,"Burke, M; Bergquist, LF; Miguel, E"
WOS:000406177000009,"Célérier, C; Vallée, B"
WOS:000401981500005,"Muir, T"
WOS:000365535400002,"Baicker, K; Mullainathan, S; Schwartzstein, J"
WOS:000365535400006,"Squicciarini, MP; Voigtländer, N"
WOS:000354733000010,"Callander, S; Harstad, B"
WOS:000354733000005,"Wantchekon, L; Klasnja, M; Novta, N"
WOS:000342236000004,"Gennaioli, N; Shleifer, A; Vishny, R"
WOS:001018021300001,"Esponda, I; Oprea, R; Yuksel, S"
WOS:000935197700001,"Babina, T; He, AX; Howell, ST; Perlman, ER; Staudt, J"
WOS:000763802200001,"Chan, DC; Gentzkow, M; Yu, C"
WOS:000728439200009,"Bertrand, M; Bombardini, M; Fisman, R; Hackinen, B; Trebbi, F"
WOS:000642334600001,"Jäger, S; Schoefer, B; Heining, J"
WOS:000642334600009,"Macchiavello, R; Morjaria, A"
WOS:000544017700004,"Bordalo, P; Gennaioli, N; Shleifer, A"
WOS:000544017700006,"Caballero, RJ; Simsek, A"
WOS:000406177000002,"Atkin, D; Chaudhry, A; Chaudry, S; Khandelwal, AK; Verhoogen, E"
WOS:000401981500007,"Angrist, JD; Hull, PD; Pathak, PA; Walters, CR"
WOS:000351525000008,"Busse, MR; Pope, DG; Pope, JC; Silva-Risso, J"
WOS:000351525000006,"Caselli, F; Morelli, M; Rohner, D"
WOS:000336146600003,"Karlan, D; Osei, R; Osei-Akoto, I; Udry, C"
WOS:001017928700001,"Finlay, K; Mueller-Smith, M; Street, B"
WOS:000836166500001,"Greenberg, K; Gudgeon, M; Isen, A; Miller, C; Patterson, R"
WOS:000764873200001,"Balboni, C; Bandiera, O; Burgess, R; Ghatak, M; Heil, A"
WOS:000642334600010,"Christensen, D; Dube, O; Haushofer, J; Siddiqi, B; Voors, M"
WOS:000672777600007,"Hartzmark, SM; Hirshman, SD; Imas, A"
WOS:000612198000012,"Harel, M; Mossel, E; Strack, P; Tamuz, O"
WOS:000544017700010,"Kamada, Y; Sugaya, T"
WOS:000396771300010,"Battaglini, M"
WOS:000371602500002,"Malmendier, U; Nagel, S"
WOS:000346660500005,"Brunnermeier, MK; Simsek, A; Xiong, W"
WOS:000342236000009,"Olea, JLM; Strzalecki, T"
WOS:000336146600006,"Puga, D; Trefler, D"
WOS:000926656800001,"Dix-Carneiro, R; Pessoa, JP; Reyes-Heroles, R; Traiberman, S"
WOS:000806495000001,"Deshpande, M; Mueller-Smith, M"
WOS:000764043900001,"Alvarez, F; Lippi, F; Oskolkov, A"
WOS:000728439200003,"Heldring, L; Robinson, JA; Vollmer, S"
WOS:000612198000001,"Goldin, J; Lurie, IZ; McCubbin, J"
WOS:000544015700002,"Autor, D; Dorn, D; Katz, LF; Patterson, C; Van Reenen, J"
WOS:000489162100001,"Young, A"
WOS:000489161300006,"Burchardi, KB; Gulesci, S; Lerva, B; Sulaiman, M"
WOS:000435871300005,"Hoffman, M; Kahn, LB; Li, D"
WOS:000423802600003,"Agarwal, S; Chomsisengphet, S; Mahoney, N; Stroebel, J"
WOS:000423802600010,"Embrey, M; Fréchette, GR; Yuksel, S"
WOS:000423802600009,"Wiswall, M; Zafar, B"
WOS:000388576700004,"Kelly, M; Gráda, CO"
WOS:000336146600004,"Garthwaite, C; Gross, T; Notowidigdo, MJ"
WOS:000979999900001,"Cortés, P; Pan, J; Pilossoph, L; Reuben, E; Zafar, B"
WOS:000946887400001,"Agan, A; Doleac, JL; Harvey, A"
WOS:000921150500004,"Alan, S; Corekcioglu, G; Sutter, M"
WOS:000743312400010,"Aquilina, M; Budish, E; O'Neill, P"
WOS:000728439200005,"Bandiera, O; Best, MC; Khan, AQ; Prat, A"
WOS:000642334600012,"Carvalho, VM; Nirei, M; Saito, YU; Tahbaz-Salehi, A"
WOS:000672777600006,"Abaluck, J; Adams-Prassl, A"
WOS:000544015700003,"Chetty, R; Hendren, N; Jones, MR; Porter, SR"
WOS:000544015700006,"Koijen, RSJ; Van Nieuwerburgh, S"
WOS:000489162800004,"Chan, DC; Dickstein, MJ"
WOS:000451281400009,"Gomes, R; Tirole, J"
WOS:000435871300010,"Acemoglu, D; Egorov, G; Sonin, K"
WOS:000412764300007,"Dal B'o, E; Finan, F; Folke, O; Persson, T; Rickne, J"
WOS:000412764300009,"DellaVigna, S; Lindner, A; Reizer, B; Schmieder, JF"
WOS:000412764300011,"Haushofer, J; Shapiro, J"
WOS:000401981500004,"Baron, M; Xiong, W"
WOS:000388576700009,"Nagel, S"
WOS:000380249200007,"Rubinstein, A"
WOS:000764764900001,"Mullainathan, S; Obermeyer, Z"
WOS:000728439200004,"Alan, S; Baysan, C; Gumren, M; Kubilay, E"
WOS:000612198000010,"Caunedo, J; Keller, E"
WOS:000544015700004,"Chandra, A; Staiger, DO"
WOS:000451280400008,"Fieldhouse, AJ; Mertens, K; Ravn, MO"
WOS:000435871300003,"Herndrics, L; Schoellman, T"
WOS:000396771300006,"Giroud, X; Mueller, HM"
WOS:000396771300005,"Scheuer, F; Werning, I"
WOS:000388576700007,"Akerlof, R; Holden, R"
WOS:000383326100001,"Kirkeboen, LJ; Leuven, E; Mogstad, M"
WOS:000359638900005,"Ivashina, V; Scharfstein, DS; Stein, JC"
WOS:001076716200001,"Brancaccio, G; Kalouptsidi, M; Papageorgiou, T; Rosaia, N"
WOS:001030461600001,"Bianchi, F; Faccini, R; Melosi, L"
WOS:001035117100001,"Greenwood, R; Hanson, S; Stein, JC; Sunderam, A"
WOS:000865127000001,"Chalendard, C; Fernandes, AM; Raballand, G; Rijkers, B"
WOS:000764509800001,"Michelman, V; Price, J; Zimmerman, SD"
WOS:000743312400011,"Einav, L; Finkelstein, A; Ji, YA; Mahoney, N"
WOS:000728439200007,"Stantcheva, S"
WOS:000642334600007,"Dahl, GB; Kotsadam, A; Rooth, DO"
WOS:000451281400007,"Spenkuch, JL; Toniatti, D"
WOS:000401981500001,"Atkin, D; Khandelwal, AK; Osman, A"
WOS:000351525000003,"Agarwal, S; Chomsisengphet, S; Mahoney, N; Stroebel, J"
WOS:000346660500010,"Lehmann, E; Simula, L; Trannoy, A"
WOS:000813236400001,"Olea, JLM; Ortoleva, P; Pai, MM; Prat, A"
WOS:000770420700001,"Clayton, C; Schaab, A"
WOS:000743312400001,"Gethin, A; Martínez-Toledano, C; Piketty, T"
WOS:000728439200008,"Bonomi, G; Gennaioli, N; Tabellini, G"
WOS:000728439200012,"Cantoni, E; Pons, V"
WOS:000672777600005,"Abaluck, J; Bravo, MC; Hull, P; Starc, A"
WOS:000672777600008,"Hanson, SG; Lucca, DO; Wright, JH"
WOS:000544017700008,"Sandvik, JJ; Saouma, RE; Seegert, NT; Stanton, CT"
WOS:000489163400009,"Hassan, TA; Hollander, S; van Lent, L; Tahoun, A"
WOS:000489162100008,"Enke, B"
WOS:000489161300003,"Beraja, M; Fuster, A; Hurst, E; Vavra, J"
WOS:000489161300010,"Caicedo, FV"
WOS:000451280400001,"Chetty, R; Hendren, N"
WOS:000435871300004,"Dell, M; Querubin, P"
WOS:000412764300003,"Fajgelbaum, PD; Schaal, E; Taschereau-Dumouchel, M"
WOS:000406177000004,"Glover, D; Pallais, A; Pariente, W"
WOS:000383326100006,"Ponticelli, J; Alencar, LS"
WOS:000342236000008,"Buser, T; Niederle, M; Oosterbeek, H"
WOS:000342236000003,"Chetty, R; Friedman, JN; Leth-Petersen, S; Nielsen, TH; Olsen, T"
WOS:000336146600008,"Agarwal, S; Lucca, D; Seru, A; Trebbi, F"
WOS:000946927000001,"Bursztyn, L; Egorov, G; Haaland, I; Rao, AK; Roth, C"
WOS:000743312400009,"Bianchi, J; Mondragon, J"
WOS:000612198000003,"Ang, D"
WOS:000593217300009,"Barnichon, R; Mesters, G"
WOS:000544017700002,"Backus, M; Blake, T; Larsen, B; Tadelis, S"
WOS:000544015700009,"Ashraf, N; Bau, N; Low, C; Mcginn, K"
WOS:000507362800009,"Caselli, F; Koren, M; Lisicky, M; Tenreyro, S"
WOS:000507362800005,"Eliason, PJ; Heebsh, B; Mcdevitt, RC; Roberts, JW"
WOS:000489162800008,"Finkelstein, A; Notowidigdo, MJ"
WOS:000489162100006,"Costinot, A; Donaldson, D; Kyle, M; Williams, H"
WOS:000489161300004,"Chen, T; Kung, JKS"
WOS:000451280400002,"Chetty, R; Hendren, N"
WOS:000406177000006,"Bhargava, S; Loewenstein, G; Sydnor, J"
WOS:000396771300003,"Arezki, R; Ramey, VA; Sheng, LG"
WOS:000365535400009,"Farber, HS"
WOS:000351525000005,"Bartling, B; Weber, RA; Yao, L"
WOS:000346660500003,"Gabaix, X"
WOS:000854284500001,"Caprettini, B; Voth, HJ"
WOS:000743312400012,"Ali, SN; Haghpanah, N; Lin, X; Siegel, R"
WOS:000507362800006,"Card, D; Dellavigna, S; Funk, P; Iriberri, N"
WOS:000489163400006,"Adao, R; Kolesár, M; Morales, E"
WOS:000435871300008,"Iaria, A; Schwarz, C; Waldinger, F"
WOS:000406177000001,"Bold, T; Kaizzi, KC; Svensson, J; Yanagizawa-Drott, D"
WOS:000380249200003,"Card, D; Cardoso, AR; Kline, P"
WOS:000342236000005,"Piketty, T; Zucman, G"
WOS:000988606100001,"Jacobsen, MR; Sallee, JM; Shapiro, JS; van Benthem, AA"
WOS:000803708500001,"Arteaga, F; Kapor, AJ; Neilson, CA; Zimmerman, SD"
WOS:000785751900001,"Meyer, J; Reinhart, CM; Trebesch, C"
WOS:000770118700001,"Bilk, A; Blandin, A; Rogerson, R"
WOS:000743312400003,"Bleemer, Z"
WOS:000672777600003,"Breza, E; Kinnan, C"
WOS:000672777600012,"Setzler, B; Tintelnot, F"
WOS:000672777600001,"Farber, HS; Herbst, D; Kitziemko, I; Naidu, S"
WOS:000642334600006,"Augenblick, N; Rabin, M"
WOS:000593217300003,"Jäger, S; Schoefer, B; Young, S; Zweimüller, J"
WOS:000489162800001,"Alan, S; Boneva, T; Ertac, S"
WOS:000423802600004,"Agan, A; Starr, S"
WOS:000423802600001,"de la Croix, D; Doepke, M; Mokyr, J"
WOS:000423802600005,"Kleinberg, J; Lakkaraju, H; Leskovec, J; Ludwig, J; Mullainathan, S"
WOS:000396771300009,"Dustmann, C; Schönberg, U; Stuhler, J"
WOS:000396771300008,"Martin, I"
WOS:000380249200009,"David, JM; Hopenhayn, HA; Venkateswaran, V"
WOS:000351525000010,"Jacob, BA; Kapustin, M; Ludwig, J"
WOS:000342236000001,"Hsieh, CT; Klenow, PJ"
WOS:000336146600005,"Blattman, C; Fiala, N; Martinez, S"
WOS:000986429900001,"Berger, D; Bocola, L; Dovis, A"
WOS:000867883100001,"Cook, LD; Jones, MEC; Logan, TD; Rosé, D"
WOS:000612198000004,"Derenoncourt, E; Montialoux, C"
WOS:000507362800007,"Jakobsen, K; Jakobsen, K; Kleven, H; Zucman, G"
WOS:000435871300009,"de Ree, J; Muralidharan, K; Pradhan, M; Rogers, H"
WOS:000406177000005,"Brot-Goldberg, ZC; Chandra, A; Handel, BR; Kolstad, JT"
WOS:000396771300007,"Benmelech, E; Meisenzahl, RR; Ramcharan, R"
WOS:000380249200006,"Donaldson, D; Hornbeck, R"
WOS:000371602500003,"Arkolakis, C"
WOS:000354733000003,"Campante, F; Yanagizawa-Drott, D"
WOS:000354733000004,"Costinot, A; Donaldson, D; Vogel, J; Werning, I"
WOS:000351525000002,"Greenwood, R; Hanson, SG"
WOS:000346660500002,"Coffman, KB"
WOS:000939688700001,"Chatterjee, S"
WOS:000935195800001,"Philippon, T; Wang, OLV"
WOS:000904947200001,"Baqaee, DR; Burstein, A"
WOS:000770114200001,"Alfaro-Ureña, A; Manelici, I; Vasquez, JP"
WOS:000489163400001,"Smith, M; Yagan, D; Zidar, O; Zwick, E"
WOS:000489162100010,"Rogerson, R; Wallenius, J"
WOS:000489161300008,"Hassan, TA; Mano, RC"
WOS:000423802600002,"Giglio, S; Kelly, B"
WOS:000406177000008,"Guerrieri, V; Lorenzoni, G"
WOS:000396771300001,"Heller, SB; Shah, AK; Guryan, J; Ludwig, J; Mullainathan, S; Pollack, HA"
WOS:000371602500004,"Jackson, CK; Johnson, RC; Persico, C"
WOS:000330451700010,"Billings, SB; Deming, DJ; Rockoff, J"
WOS:000330451700006,"Wallace, N"
WOS:000986430600001,"Afrouzi, H; Kwon, SY; Landier, A; Ma, YR; Thesmar, D"
WOS:000743312400008,"vom Lehn, C; Winberry, T"
WOS:000593217300007,"He, GJ; Wang, SD; Zhang, B"
WOS:000544015700005,"Bazzi, S; Koehler-Derrick, G; Marx, B"
WOS:000489162800003,"Jordà, O; Knoll, K; Kuvshinov, D; Schularick, M; Taylor, AM"
WOS:000451281400008,"Cantoni, D; Dittmar, J; Yuchtman, N"
WOS:000401981500002,"Bhandari, A; Evans, D; Golosov, M; Sargent, TJ"
WOS:000396771300002,"Debortoli, D; Nunes, R; Yared, P"
WOS:000380249200010,"Veiga, A; Weyl, EG"
,"Allcott, H"
WOS:000359638900009,"Anderson, S; Bidner, C"
WOS:000936189300001,"Fernández-Villaverde, J; Koyama, M; Lin, YH; Sng, TH"
WOS:000891996300001,"Bai, Y; Jia, RX; Yang, JJ"
WOS:000867882500001,"Gray-Lobe, G; Pathak, PA; Walters, CR"
WOS:000826159000011,"Li, XM; Camerer, CF"
WOS:000764683400001,"Gumpert, A; Steimer, H; Antoni, M"
WOS:000544017700003,"Enke, B"
WOS:000544015700010,"Koszegi, B; Matejka, F"
WOS:000507362800003,"Baqaee, DR; Farhi, E"
WOS:000507362800001,"Fajgelbaum, PD; Goldberg, PK; Kennedy, PJ; Khandelwal, AK"
WOS:000489163400004,"Atalay, E; Hortaçsu, A; Li, MJ; Syverson, C"
WOS:000489161300007,"Keiser, DA; Shapiro, JS"
WOS:000451280400006,"Campante, F; Yanagizawa-Drott, D"
WOS:000388576700002,"Baird, S; Hicks, JH; Kremer, M; Miguel, E"
WOS:000380249200004,"Cesarini, D; Lindqvist, E; Östling, R; Wallace, B"
WOS:000371602500009,"Gelber, A; Isen, A; Kessler, JB"
WOS:000905046000001,"Ganong, P; Noel, P"
WOS:000892024400001,"Moscona, J; Sastry, KA"
WOS:000813228500001,"Barr, A; Eggleston, J; Smith, AA"
WOS:000785803800001,"Knutsson, D; Tyrefors, B"
WOS:000672777600010,"Altmejd, A; Barrios-Fernández, A; Drlje, M; Goodman, J; Hurwitz, M; Kovac, D; Mulhern, C; Neilson, C; Smith, J"
WOS:000544017700009,"Caplin, A; Csaba, D; Leahy, J; Nov, O"
WOS:000489163400002,"Jones, D; Molitor, D; Reif, J"
WOS:000489162800005,"Kline, P; Petkova, N; Williams, H; Zidar, O"
WOS:000489161300009,"Alvarez, F; Beraja, M; Gonzalez-Rozada, M; Neumeyer, PA"
WOS:000412764300001,"Andrews, I; Gentzkow, M; Shapiro, JM"
WOS:000388576700001,"Baker, SR; Bloom, N; Davis, SJ"
WOS:000380249200005,"Artavanis, N; Morse, A; Tsoutsoura, M"
WOS:000354733000008,"Einav, L; Finkelstein, A; Schrimpf, P"
WOS:000351525000007,"Galasso, A; Schankerman, M"
WOS:000342236000002,"Allen, T; Arkolakis, C"
WOS:000342236000006,"Hanna, R; Mullainathan, S; Schwartzstein, J"
WOS:000330451700004,"Michalopoulos, S; Papaioannou, E"
WOS:000942114200001,"Le Pennec, C; Pons, V"
WOS:000885663500001,"Abadie, A; Athey, S; Imbens, GW; Wooldridge, JM"
WOS:000728439200006,"Mian, A; Straub, L; Sufi, A"
WOS:000593217300005,"Boehm, J; Oberfield, E"
WOS:000489162800010,"Mbiti, I; Muralidharan, K; Romero, M; Schipper, Y; Manda, C; Rajani, R"
WOS:000451280400009,"Bursztyn, L; Ferman, B; Fiorin, S; Kanz, M; Rao, G"
WOS:000451280400004,"Nakamura, E; Steinsson, J"
WOS:000401981500003,"Kogan, L; Papanikolaou, D; Seru, A; Stoffman, N"
WOS:000383326100009,"Broner, F; Ventura, J"
WOS:000371602500006,"Casaburi, L; Troiano, U"
WOS:000354733000011,"Dal Bo, E; Finan, F; Rossi, MA"
WOS:000351525000004,"Bloom, N; Liang, J; Roberts, J; Ying, ZJ"
WOS:001065157900001,"Adukia, A; Eble, A; Harrison, E; Runesha, HB; Szasz, T"
WOS:000999691800001,"Bazzi, S; Ferrara, A; Fiszbein, M; Pearson, T; Testa, PA"
WOS:000855414400001,"Kermani, A; Ma, YR"
WOS:000770421700001,"Hazell, J; Herreño, J; Nakamura, E; Steinsson, J"
WOS:000728439200010,"Angeletos, GM; Sastry, KA"
WOS:000743312400005,"Biasi, B; Sarsons, H"
WOS:000642334600004,"Shapiro, JS"
WOS:000544015700008,"Bustos, P; Garber, G; Ponticelli, J"
WOS:000489162100004,"Jaravel, X"
WOS:000451280400003,"Cai, J; Szeidl, A"
WOS:000435871300007,"Che, YK; Hörner, J"
WOS:000423802600007,"Henderson, JV; Squires, T; Storeygard, A; Weil, D"
WOS:000412764300008,"Gopinath, G; Kalemli-Özcan, S; Karabarbounis, L; Villegas-Sanchez, C"
WOS:000406177000011,"Kirkeboen, L; Leuven, E; Mogstad, M"
WOS:000365535400007,"Adena, M; Enikolopov, R; Petrova, M; Santarosa, V; Zhuravskaya, E"
WOS:000365535400004,"Aguiar, M; Amador, M; Farhi, E; Gopinath, G"
WOS:000351525000001,"Giglio, S; Maggiori, M; Stroebel, J"
WOS:000336146600010,"Hodler, R; Raschky, PA"
WOS:001010970300001,"Ghosh, A; Hwang, SI; Squires, M"
WOS:000946888200001,"Besley, T; Persson, T"
WOS:000836125300001,"Ilut, C; Valchev, R"
WOS:000612198000002,"Baron, M; Verner, E; Xiong, W"
WOS:000489163400008,"Benson, A; Li, D; Shue, K"
WOS:000489162800009,"Allcott, H; Lockwood, BB; Taubinsky, D"
WOS:000489162800007,"Barjamovic, G; Chaney, T; Cosar, K; Hortaçsu, A"
WOS:000451281400003,"Dickstein, MJ; Morales, E"
WOS:000435871300002,"Breza, E; Kaur, S; Shamdasani, Y"
WOS:000396771300004,"Tintelnot, F"
WOS:000388576700006,"Kline, P; Walters, CR"
WOS:000380249200002,"Pinkovskiy, M; Sala-I-Martin, X"
WOS:000371602500001,"Farhi, E; Gabaix, X"
WOS:000371602500007,"Sampson, T"
WOS:000818056100001,"Hermo, S; Päällysaho, M; Seim, D; Shapiro, JM"
WOS:000767684700001,"Acemoglu, D; De Feo, G; De Luca, G; Russo, G"
WOS:000743312400006,"Dustmann, C; Lindner, A; Schönberg, U; Umkehrer, M; vom Berge, P"
WOS:000743312400007,"Akcigit, U; Grigsby, J; Nicholas, T; Stantcheva, S"
WOS:000743312400002,"Feigenberg, B; Miller, C"
WOS:000672777600004,"Coppola, A; Maggiori, M; Neiman, B; Schreger, J"
WOS:000593217300001,"Auriol, E; Lassebie, J; Panin, A; Raiber, E; Seabright, P"
WOS:000489162100003,"Bell, A; Chetty, R; Jaravel, X; Petkova, N; Van Reenen, J"
WOS:000489162100007,"Blouin, A; Macchiavello, R"
WOS:000451280400010,"Fowlie, M; Greenstone, M; Wolfram, C"
WOS:000435871300006,"Hansen, S; McMahon, M; Prat, A"
WOS:000412764300012,"Angrist, JD; Hull, PD; Pathak, PA; Walters, CR"
WOS:000388576700003,"Finkelstein, A; Gentzkow, M; Williams, H"
WOS:000383326100003,"Chen, DL; Moskowitz, TJ; Shue, K"
WOS:000380249200008,"Adda, J"
WOS:000380249200001,"Saez, E; Zucman, G"
WOS:000365535400010,"Fillat, JL; Garetto, S"
WOS:000354733000009,"Piguillem, F; Riboni, A"
WOS:000336146600002,"Cavallo, A; Neiman, B; Rigobon, R"
WOS:001022028300001,"Cajal-Grossi, J; Macchiavello, R; Noguera, G"
WOS:000768142500001,"Exley, CL; Kessler, JB"
WOS:000593217300006,"Heblich, S; Redding, SJ; Sturm, DM"
WOS:000489162100002,"Ilzetzki, E; Reinhart, CM; Rogoff, KS"
WOS:000489161300002,"Cooper, Z; Craig, SV; Gaynor, M; Van Reenen, J"
WOS:000451281400002,"Kueng, L"
WOS:000401981500006,"Bandiera, O; Burgess, R; Das, N; Gulesci, S; Rasul, I; Sulaiman, M"
WOS:000388576700010,"Haushofer, J; Shapiro, J"
WOS:000383326100005,"Hottman, CJ; Redding, SJ; Weinstein, DE"
WOS:000371602500010,"Bierbrauer, FJ; Boyer, PC"
WOS:000359638900004,"Kremer, M; Snyder, CM"
WOS:000330451700008,"Kleven, HJ; Landais, C; Saez, E; Schultz, E"
